Montana,Trail,Colombia,250047
Manitowish,Alley,Mexico,29601
Ilene,Hill,United States,14905
Fulton,Point,United States,19125
Delaware,Plaza,Mexico,46175
Northridge,Park,Colombia,472047
Dorton,Junction,United States,70174
Pennsylvania,Avenue,United States,60078
Quincy,Circle,Mexico,30560
Badeau,Terrace,Spain,33204
Myrtle,Terrace,Colombia,733529
Banding,Hill,Colombia,686508
Arkansas,Junction,United States,49518
Grayhawk,Crossing,United States,31416
Roth,Avenue,Mexico,40914
Forest Run,Pass,United States,89166
Merry,Point,Mexico,82190
Forest,Way,Colombia,195047
Del Mar,Circle,United States,67236
Crescent Oaks,Lane,United States,92165
Warner,Alley,Colombia,661028
Kim,Point,Spain,28904
Northfield,Way,Mexico,27040
Alpine,Circle,Mexico,36780
Carey,Court,United States,80638
Drewry,Park,United States,14905
Cardinal,Point,United States,75205
Gina,Center,United States,33715
Oxford,Pass,Colombia,052438
Northfield,Junction,Spain,02070
Kenwood,Alley,United States,02208
Troy,Drive,United States,81505
Reindahl,Plaza,United States,20380
Sheridan,Street,United States,75310
Delladonna,Point,Colombia,154648
Eagle Crest,Center,United States,88530
Grayhawk,Center,Mexico,40800
Pearson,Lane,Mexico,97714
Myrtle,Hill,Spain,43071
Logan,Circle,Colombia,418008
Nova,Terrace,United States,24515
Ramsey,Crossing,United States,19725
Hoepker,Terrace,Colombia,524528
Crownhardt,Parkway,United States,23504
Springview,Plaza,United States,60435
Sycamore,Avenue,United States,62756
Starling,Park,Mexico,26834
Monterey,Plaza,Spain,35015
Bobwhite,Terrace,Colombia,130027
Union,Lane,Colombia,250208
Almo,Terrace,Colombia,052837
Magdeline,Way,Colombia,195047
Corry,Lane,Mexico,65600
Redwing,Alley,United States,14205
Northfield,Hill,United States,11210
Lighthouse Bay,Circle,United States,32595
Declaration,Circle,Mexico,55718
Fulton,Avenue,United States,23324
Fordem,Road,United States,36205
Kensington,Lane,United States,11388
Golden Leaf,Crossing,United States,68517
Forest,Crossing,Colombia,131567
Mandrake,Center,Mexico,72124
Burning Wood,Lane,United States,27404
Di Loreto,Avenue,Colombia,880028
Algoma,Center,Mexico,50090
8th,Junction,Colombia,057047
Moland,Place,Mexico,30540
Surrey,Circle,Colombia,733517
Reindahl,Drive,United States,79764
Meadow Valley,Court,United States,43210
Sunfield,Drive,United States,89178
Myrtle,Hill,Colombia,687509
Forest,Road,Colombia,133518
Oakridge,Street,United States,90094
Corscot,Avenue,United States,95113
7th,Park,United States,90831
Dryden,Hill,Mexico,79960
Lakeland,Drive,United States,95160
International,Avenue,United States,85010
Upham,Hill,United States,90605
Prairie Rose,Hill,United States,65898
Eastwood,Parkway,Colombia,054028
Oxford,Street,United States,80291
Glendale,Hill,Spain,28944
Elgar,Place,Mexico,36780
Fairview,Avenue,Colombia,232059
Dayton,Terrace,United States,43231
Iowa,Junction,United States,61110
Buena Vista,Drive,United States,43656
Pennsylvania,Center,Colombia,150867
Superior,Crossing,United States,06145
Annamark,Plaza,United States,07104
Esker,Court,Colombia,276058
Superior,Park,United States,23612
Kenwood,Trail,Colombia,660017
Russell,Road,United States,79945
Harbort,Lane,United States,91117
Prairie Rose,Way,Colombia,761517
Oakridge,Way,United States,20016
Bartillon,Way,Mexico,40030
Oak,Crossing,United States,50320
Clemons,Alley,Mexico,91891
Bunting,Court,United States,98115
Ridgeview,Hill,Colombia,056468
Red Cloud,Park,United States,93094
Boyd,Road,United States,27710
Grasskamp,Parkway,United States,12305
Bunting,Avenue,Colombia,055457
Helena,Junction,United States,33543
Susan,Court,United States,46202
Chinook,Junction,Colombia,250618
Dottie,Hill,Mexico,64103
Hermina,Avenue,United States,74108
Gulseth,Road,Colombia,253237
Reindahl,Terrace,United States,30328
Glendale,Drive,Mexico,96980
Namekagon,Road,United States,85383
3rd,Center,United States,77090
Delladonna,Trail,United States,58207
Loftsgordon,Point,Mexico,70805
Park Meadow,Terrace,United States,74116
Springview,Drive,Colombia,251808
Laurel,Avenue,United States,20535
Kinsman,Circle,Mexico,86723
Calypso,Avenue,United States,71137
Chive,Street,Spain,18015
West,Center,Colombia,632027
Russell,Place,United States,98115
Bayside,Way,United States,63126
Dennis,Junction,United States,98109
Susan,Drive,United States,92013
Lighthouse Bay,Court,United States,84125
Hudson,Lane,Mexico,51462
Carioca,Circle,Mexico,36800
Sutherland,Point,United States,16505
Onsgard,Lane,United States,55905
Huxley,Park,Spain,06005
Lakewood,Alley,Colombia,546038
Cottonwood,Court,United States,53205
Waywood,Junction,Spain,28045
Orin,Pass,Colombia,270009
Rusk,Lane,United States,75037
Tennyson,Terrace,United States,78215
Dennis,Avenue,United States,49518
Esch,Crossing,United States,47732
Truax,Hill,United States,91210
Muir,Circle,Mexico,62577
Sutherland,Pass,Spain,28944
West,Point,Mexico,32600
Ludington,Plaza,United States,64187
Hoard,Road,Colombia,763008
Hoffman,Road,United States,98516
Eastwood,Crossing,United States,33158
Tomscot,Terrace,Mexico,58805
Kinsman,Trail,United States,32236
Columbus,Crossing,Mexico,93608
Arizona,Court,United States,81505
Lakewood Gardens,Avenue,Colombia,412068
Paget,Street,United States,79940
Kipling,Plaza,Mexico,36780
John Wall,Park,Colombia,057068
Miller,Road,United States,46620
Center,Parkway,United States,32627
Memorial,Trail,United States,90605
Main,Way,United States,84409
Laurel,Point,Colombia,253618
Loomis,Way,United States,73167
Towne,Road,Mexico,83450
Kedzie,Parkway,United States,20016
Hoffman,Point,Colombia,052038
Alpine,Way,United States,11499
Laurel,Crossing,Colombia,763508
Eastlawn,Street,Colombia,173028
Ohio,Street,Colombia,170017
Meadow Valley,Center,Spain,04070
Northfield,Avenue,United States,02208
Toban,Alley,Colombia,731587
Fordem,Trail,United States,19178
Menomonie,Parkway,Mexico,27443
Northport,Park,United States,70826
Mandrake,Center,Spain,08204
Shasta,Street,United States,53277
Gateway,Point,Colombia,195047
Bowman,Alley,Mexico,29950
Lyons,Circle,Colombia,155219
Center,Parkway,Colombia,660017
Badeau,Drive,United States,93726
Pleasure,Point,Colombia,500017
Golf,Hill,United States,56944
Canary,Point,United States,48919
Emmet,Trail,United States,33680
Kropf,Park,United States,10170
Springview,Circle,United States,68134
Miller,Street,Mexico,56190
Surrey,Crossing,Colombia,233057
Sutteridge,Lane,Mexico,62577
Namekagon,Point,United States,63180
Prairie Rose,Court,United States,36195
Melrose,Place,Colombia,544017
Forest Dale,Parkway,Spain,28025
Acker,Crossing,United States,75205
Spenser,Lane,United States,19141
Michigan,Park,Spain,18010
Oneill,Plaza,United States,49544
Northfield,Place,Colombia,055457
Elka,Street,Colombia,520518
Ronald Regan,Plaza,United States,44505
Blaine,Hill,United States,28405
Northland,Crossing,Colombia,054457
Acker,Park,United States,60674
Monterey,Road,United States,92153
David,Alley,Mexico,95590
Harbort,Place,United States,91505
Sullivan,Parkway,Colombia,760508
Pine View,Center,United States,79405
Caliangt,Junction,United States,73190
Arrowood,Center,United States,63169
Hoepker,Plaza,United States,48232
Service,Hill,United States,28225
Lien,Park,United States,80905
Sunnyside,Way,Colombia,110221
Hoard,Drive,United States,32825
Fairview,Lane,Spain,35070
Milwaukee,Way,Colombia,204047
Colorado,Plaza,United States,95138
Lukken,Point,Colombia,055018
Park Meadow,Park,Mexico,53570
Oak,Point,Mexico,60284
Mayer,Pass,United States,01905
Morrow,Hill,Spain,30204
Warner,Alley,Mexico,88680
Mallard,Court,United States,33710
Lakeland,Pass,United States,48217
Eastwood,Way,United States,68117
Londonderry,Alley,United States,46278
Novick,Trail,Colombia,630008
Muir,Terrace,Colombia,687527
Stuart,Crossing,United States,11215
Anzinger,Avenue,United States,91210
Colorado,Terrace,United States,06145
Trailsway,Junction,Mexico,58353
Scofield,Terrace,Mexico,95096
Mosinee,Terrace,Mexico,39949
Kipling,Point,United States,35290
Sutteridge,Junction,Colombia,681509
Clemons,Court,Mexico,88600
Morningstar,Street,United States,74193
Rutledge,Road,United States,85072
Sullivan,Parkway,Colombia,178057
Nevada,Circle,United States,74116
Jana,Junction,United States,89510
Granby,Terrace,United States,02283
Hermina,Parkway,United States,32825
Golf Course,Junction,United States,10131
Walton,Crossing,Colombia,054028
Lillian,Terrace,United States,11388
Washington,Avenue,United States,20380
Pennsylvania,Court,Mexico,89888
Loeprich,Drive,United States,63131
Hanover,Terrace,United States,60674
Vera,Crossing,United States,93106
Kropf,Plaza,United States,30089
Sugar,Alley,United States,34642
Calypso,Point,Colombia,632067
Bayside,Way,United States,84409
Crownhardt,Terrace,United States,96850
Sherman,Junction,Mexico,71122
Ramsey,Plaza,Colombia,764517
Village,Junction,United States,07104
Donald,Lane,United States,22908
Commercial,Place,Colombia,132557
Surrey,Court,Colombia,730507
Sunnyside,Junction,Spain,39010
Parkside,Junction,Mexico,88680
Derek,Crossing,United States,14652
Gulseth,Crossing,Colombia,413008
Di Loreto,Drive,United States,56944
Logan,Road,Spain,28944
Delladonna,Plaza,United States,55458
Starling,Lane,United States,23203
Park Meadow,Street,United States,97229
Vahlen,Park,United States,80905
Lien,Drive,Colombia,055448
Pine View,Pass,Mexico,30540
Commercial,Place,Colombia,051457
Maple,Place,Mexico,74060
Dovetail,Way,United States,49505
Myrtle,Circle,Colombia,177068
Bowman,Hill,Colombia,731048
High Crossing,Alley,United States,66205
Marquette,Junction,Colombia,130027
Twin Pines,Drive,Colombia,442009
Saint Paul,Crossing,Colombia,662007
Fairview,Avenue,United States,94042
Barby,Point,Colombia,684517
Ohio,Pass,Spain,43071
John Wall,Crossing,Colombia,154848
Sachtjen,Center,Mexico,29557
Weeping Birch,Hill,Colombia,761517
Sage,Terrace,United States,75216
Del Mar,Court,Colombia,253017
7th,Center,Mexico,59762
Kings,Circle,Mexico,79783
Hagan,Drive,United States,88546
Moose,Crossing,United States,64190
Main,Terrace,United States,02912
Annamark,Alley,United States,66276
Carberry,Center,Colombia,052818
Mendota,Circle,Mexico,36408
Dottie,Center,Colombia,443049
Lighthouse Bay,Alley,Colombia,250247
Canary,Alley,Colombia,862069
American Ash,Alley,Colombia,185038
Dorton,Lane,United States,19178
Monterey,Center,Colombia,273017
Little Fleur,Park,United States,48126
Elgar,Plaza,United States,27455
Rusk,Drive,Colombia,763547
Lillian,Crossing,Mexico,93228
Mayer,Junction,Colombia,152867
Weeping Birch,Park,United States,43268
Jay,Alley,Colombia,763008
Roth,Crossing,Colombia,763558
Talisman,Court,United States,10039
Crowley,Circle,Mexico,39949
Daystar,Park,Colombia,276019
Columbus,Pass,United States,30061
Eastlawn,Alley,Colombia,252837
Melby,Street,Spain,28055
Sachs,Pass,United States,23605
Duke,Court,United States,21239
Transport,Junction,Mexico,35364
Buell,Court,United States,23285
Muir,Plaza,Colombia,414068
Fordem,Road,Mexico,37861
Pearson,Plaza,United States,66617
Meadow Valley,Avenue,Colombia,251017
Stoughton,Crossing,Colombia,662037
Vahlen,Parkway,United States,98405
Village Green,Point,Colombia,056468
Saint Paul,Parkway,United States,73167
Brown,Point,Colombia,683558
Northridge,Pass,United States,70826
Talisman,Court,Spain,17080
Fisk,Terrace,United States,75287
Pankratz,Crossing,Mexico,55718
Homewood,Way,Mexico,67803
Anhalt,Plaza,United States,38161
Wayridge,Parkway,Mexico,87785
Ridgeview,Plaza,United States,66622
Spaight,Drive,United States,73167
Aberg,Circle,Colombia,524078
Rowland,Avenue,United States,28289
Brown,Parkway,United States,77240
Dawn,Place,Mexico,93610
Fisk,Road,Spain,38110
Melvin,Street,United States,45999
Hudson,Place,United States,35815
Forest,Lane,United States,62756
Dunning,Pass,United States,20078
Crowley,Crossing,United States,57193
Sauthoff,Trail,Mexico,47203
Graedel,Street,Mexico,30505
David,Terrace,United States,28235
Melrose,Alley,United States,01129
Manley,Circle,United States,61110
Knutson,Circle,Mexico,89359
Esker,Trail,Colombia,055428
Hudson,Junction,United States,78265
Manufacturers,Street,Colombia,173028
Hooker,Avenue,Mexico,32050
Carberry,Parkway,Colombia,853059
Loomis,Hill,United States,60686
Orin,Hill,United States,10155
Waxwing,Drive,Colombia,541018
Vera,Road,United States,07195
Union,Court,United States,20337
Ohio,Street,Mexico,49580
Sage,Crossing,Colombia,151287
Northridge,Crossing,Mexico,59762
Anthes,Street,Colombia,191507
Twin Pines,Drive,United States,23514
La Follette,Plaza,United States,92640
Spohn,Hill,Mexico,26010
Lillian,Avenue,Spain,33204
Spohn,Way,United States,94622
Barby,Lane,United States,28405
Ridge Oak,Road,United States,66105
Pawling,Avenue,United States,55446
Ridgeview,Circle,Colombia,232517
Ohio,Pass,Mexico,92105
Pankratz,Trail,Mexico,60433
Elmside,Crossing,United States,02745
Toban,Terrace,United States,46406
Johnson,Lane,United States,99709
Talmadge,Junction,United States,33147
Buena Vista,Way,Mexico,97714
Vahlen,Avenue,Mexico,61910
Barnett,Road,United States,76905
Rusk,Parkway,United States,32204
6th,Trail,Spain,29010
Superior,Crossing,Mexico,58910
Dovetail,Terrace,United States,18105
Golf Course,Way,United States,56372
Blue Bill Park,Drive,United States,44710
Merchant,Pass,United States,98158
Vera,Lane,Mexico,88710
Tomscot,Alley,Colombia,761517
Butternut,Pass,Mexico,85936
Cherokee,Hill,Mexico,68145
3rd,Way,Colombia,546058
Ludington,Street,Mexico,86403
Grover,Pass,Mexico,71122
Kinsman,Park,United States,10045
Farragut,Circle,Mexico,14449
Hoffman,Point,Mexico,96710
Dexter,Point,Colombia,250618
Melody,Point,United States,74193
Upham,Terrace,Colombia,177089
Transport,Circle,United States,50320
Bunting,Parkway,Mexico,92773
Blaine,Way,Spain,08075
Superior,Hill,United States,71151
Cody,Pass,United States,33141
Ridge Oak,Trail,Colombia,111711
Kensington,Junction,United States,35815
Luster,Avenue,Mexico,95643
Morning,Hill,Colombia,131567
Cordelia,Avenue,United States,93726
Holmberg,Road,Mexico,70762
Dryden,Court,United States,45999
4th,Terrace,Mexico,87900
3rd,Alley,Colombia,051818
Lawn,Plaza,United States,52410
Johnson,Road,United States,94121
Goodland,Hill,United States,55103
Summit,Junction,United States,10009
Rusk,Alley,United States,63136
3rd,Drive,Spain,25198
Londonderry,Trail,United States,79934
Shelley,Point,United States,45264
Anderson,Plaza,United States,21229
Sycamore,Avenue,Colombia,195047
5th,Crossing,United States,55188
Colorado,Crossing,Mexico,68451
Glendale,Lane,Colombia,732048
Elgar,Park,United States,43635
Miller,Street,United States,74184
Jana,Street,United States,78703
Erie,Park,Colombia,705079
Claremont,Trail,United States,38161
Vera,Plaza,United States,77035
Merchant,Park,Colombia,252837
Corben,Park,Colombia,707037
Veith,Circle,United States,77228
Ryan,Place,Colombia,478008
Brentwood,Place,Mexico,55407
Stone Corner,Park,Colombia,810009
Oak,Court,United States,80291
Packers,Way,Colombia,055457
Heffernan,Pass,Mexico,72595
Mandrake,Court,United States,94154
Eastwood,Crossing,Spain,35213
Carey,Center,United States,91103
Sunnyside,Parkway,United States,33141
Novick,Terrace,Mexico,47849
Montana,Pass,Colombia,252837
Grasskamp,Avenue,United States,22908
Lukken,Place,Mexico,49274
Lyons,Way,Mexico,68213
Portage,Pass,United States,15279
Artisan,Plaza,Mexico,29913
Parkside,Junction,Mexico,93995
Kennedy,Lane,Colombia,764517
Del Sol,Alley,Colombia,951017
Vermont,Trail,United States,83732
Fisk,Point,United States,53225
Spaight,Center,Mexico,92105
Washington,Circle,Colombia,733558
Duke,Park,Colombia,546559
Katie,Alley,United States,62764
Everett,Lane,Colombia,442009
Butterfield,Hill,Mexico,27443
Vera,Road,United States,21216
Oneill,Crossing,United States,79940
Annamark,Alley,Mexico,95749
Utah,Lane,United States,92619
Monument,Point,United States,68117
Kenwood,Trail,United States,94975
Dorton,Plaza,Mexico,75694
Sage,Drive,Mexico,36800
Buell,Point,Colombia,682027
International,Court,Mexico,54783
Elgar,Place,United States,32309
Sullivan,Hill,Mexico,36750
Darwin,Place,United States,10464
Heffernan,Crossing,United States,20546
Hauk,Point,Mexico,93610
Birchwood,Road,Mexico,95603
Gulseth,Junction,Colombia,252219
Thackeray,Pass,United States,33805
Susan,Park,United States,90610
Hagan,Plaza,Mexico,30540
Parkside,Hill,United States,17126
Crowley,Point,Mexico,52105
Park Meadow,Place,Mexico,56190
Darwin,Place,Colombia,413048
Debs,Avenue,United States,75062
5th,Parkway,Mexico,62576
Scofield,Trail,United States,33064
Butternut,Court,United States,90610
Garrison,Pass,Colombia,940028
Lindbergh,Road,Colombia,417048
Harbort,Crossing,Mexico,39266
Shopko,Avenue,Colombia,083087
Mccormick,Plaza,United States,27710
Ridgeway,Plaza,United States,98447
Scott,Street,Colombia,414068
Anniversary,Circle,United States,60193
Cordelia,Way,United States,33147
Merrick,Road,United States,50369
Judy,Road,United States,36670
Reinke,Pass,Colombia,195047
Kipling,Junction,Colombia,731067
Hooker,Hill,United States,53205
Laurel,Road,Spain,08030
Gina,Road,Mexico,84015
Welch,Way,United States,60078
Fallview,Point,Colombia,150477
Merry,Parkway,United States,19146
Arkansas,Road,United States,98140
Nova,Terrace,Mexico,88925
Quincy,Junction,Mexico,29783
Meadow Vale,Pass,United States,94297
Fisk,Trail,Colombia,855058
Sheridan,Trail,Colombia,085048
Kenwood,Court,Colombia,525508
Talmadge,Way,United States,89110
Mayer,Alley,Colombia,132059
Stuart,Parkway,Colombia,763049
Rigney,Road,United States,73179
Gerald,Street,United States,67210
Rieder,Lane,Colombia,731048
La Follette,Street,Mexico,40400
Evergreen,Drive,Colombia,476048
Calypso,Street,United States,63136
Becker,Point,Colombia,084047
Fuller,Avenue,Mexico,63136
Sunnyside,Hill,Mexico,91560
Toban,Street,Spain,01005
South,Lane,Colombia,812019
Debs,Plaza,Colombia,735037
Chive,Trail,Colombia,664008
Shoshone,Junction,Colombia,153809
Buell,Avenue,Mexico,93608
Petterle,Pass,Colombia,133028
Golf Course,Place,Spain,36156
Meadow Valley,Crossing,United States,45440
Shoshone,Place,United States,90076
Main,Hill,United States,44485
Hollow Ridge,Trail,United States,20709
Comanche,Parkway,Spain,29010
Tennyson,Terrace,Mexico,14260
Westridge,Crossing,United States,92153
Alpine,Place,United States,93311
Chive,Court,Colombia,418008
Saint Paul,Avenue,Mexico,29755
Rigney,Trail,United States,77386
Rieder,Point,Mexico,93420
Green,Lane,Mexico,94242
Farwell,Center,United States,77705
Hollow Ridge,Place,United States,12205
Charing Cross,Circle,United States,78726
Paget,Way,United States,66276
Arizona,Park,Spain,36210
Nancy,Point,United States,48211
Waxwing,Junction,Colombia,250047
Lillian,Terrace,United States,19610
Summit,Trail,Spain,45071
Merry,Avenue,Colombia,472047
Almo,Pass,Colombia,684517
Blue Bill Park,Point,United States,75287
Fordem,Hill,Spain,49008
Homewood,Parkway,United States,88574
Sheridan,Park,United States,55905
Dixon,Trail,United States,06105
Karstens,Road,Colombia,541018
Memorial,Park,United States,98148
Bonner,Alley,Colombia,133518
Sunfield,Hill,Colombia,252437
Thierer,Crossing,Colombia,732048
Anthes,Park,Spain,33404
Kropf,Court,Spain,51005
Fairfield,Place,Colombia,760518
Nelson,Avenue,Colombia,687527
Cordelia,Way,United States,45432
Dottie,Point,Colombia,253608
Del Sol,Park,United States,33147
Schurz,Road,United States,60619
Eggendart,Street,Mexico,72089
Vidon,Crossing,Colombia,190018
Eagan,Park,United States,98109
Clarendon,Alley,Colombia,203048
Judy,Park,Colombia,852058
Old Shore,Center,Spain,33209
Nevada,Trail,Colombia,633008
2nd,Trail,United States,37240
Saint Paul,Circle,United States,32230
Randy,Court,United States,10039
Bay,Drive,United States,77346
Veith,Junction,United States,64190
Union,Parkway,Colombia,444038
Warner,Alley,Colombia,233009
Kensington,Court,Colombia,083028
6th,Road,Colombia,253017
Service,Circle,United States,85754
Arapahoe,Avenue,United States,53405
Glacier Hill,Center,United States,68105
Norway Maple,Crossing,Colombia,084047
Rigney,Circle,Spain,07010
Bartelt,Way,United States,84120
North,Pass,Mexico,29020
Havey,Drive,United States,28405
Bonner,Circle,Colombia,270009
Sunbrook,Street,United States,76210
Fulton,Lane,Mexico,58503
East,Alley,United States,80204
Jana,Park,Mexico,74960
Haas,Hill,Colombia,417048
Northfield,Terrace,United States,66225
Hanson,Place,United States,66105
Darwin,Pass,Mexico,88710
Lien,Alley,United States,14683
Dakota,Center,Colombia,684537
Fairview,Plaza,Colombia,520039
Tennyson,Place,United States,15286
Cherokee,Terrace,United States,23509
Dawn,Park,Mexico,96710
Pennsylvania,Plaza,United States,45264
Rutledge,Circle,Mexico,33980
Fulton,Street,Colombia,860008
Hayes,Lane,Colombia,135067
Orin,Lane,Colombia,684009
Elka,Street,United States,10464
Bartelt,Drive,Colombia,252437
Fremont,Hill,United States,20167
Center,Drive,United States,75185
Goodland,Road,United States,10170
Bayside,Alley,Colombia,522068
Burrows,Parkway,United States,78205
Sunbrook,Center,Colombia,444038
Sage,Alley,United States,43215
Independence,Pass,United States,66276
Towne,Way,Colombia,520039
Dorton,Court,Mexico,92736
Gerald,Point,United States,37416
Troy,Crossing,Mexico,29480
Monterey,Road,Colombia,133567
Grayhawk,Trail,Colombia,132007
Erie,Point,Colombia,235028
Vahlen,Parkway,Colombia,548037
Maryland,Pass,Mexico,71730
Lakewood Gardens,Park,United States,20051
Bonner,Pass,Spain,41020
Scofield,Drive,Mexico,95096
Eggendart,Plaza,Colombia,051059
Anzinger,Way,Colombia,687527
Hermina,Street,United States,43635
Laurel,Avenue,United States,20022
Ridgeway,Place,Spain,33209
Burning Wood,Lane,Colombia,524528
Lighthouse Bay,Avenue,United States,48930
Kensington,Street,United States,55564
Blackbird,Way,Colombia,252257
Tennyson,Circle,Colombia,052038
Schurz,Pass,Mexico,87445
Buell,Lane,United States,10184
Summer Ridge,Pass,Mexico,79783
Mesta,Road,Mexico,75710
Garrison,Trail,Mexico,30479
Darwin,Drive,Colombia,131567
Pawling,Avenue,United States,17126
Center,Street,United States,49518
Carioca,Avenue,Mexico,58805
Maryland,Place,United States,68164
Mariners Cove,Parkway,Colombia,632027
Susan,Plaza,Colombia,418049
Valley Edge,Point,United States,64190
Coolidge,Trail,United States,14619
Sycamore,Crossing,United States,32204
Grim,Road,United States,60609
Graceland,Terrace,Colombia,761517
Karstens,Way,Colombia,477027
Homewood,Crossing,Colombia,134548
Westerfield,Center,Mexico,32600
New Castle,Center,Colombia,230029
Sloan,Pass,United States,60193
Sheridan,Parkway,United States,06152
Merchant,Court,Colombia,412068
South,Trail,United States,70836
Crownhardt,Street,United States,28205
Sutherland,Crossing,United States,20088
Del Sol,Alley,United States,76115
Rutledge,Place,Mexico,56564
Pine View,Center,Colombia,154667
Killdeer,Park,United States,20709
Petterle,Street,United States,28410
Cody,Place,United States,43210
Esch,Terrace,Mexico,91716
Lerdahl,Street,Colombia,233539
Schiller,Drive,Mexico,29140
Dapin,Hill,United States,67210
Spaight,Park,Colombia,081048
Clyde Gallagher,Avenue,United States,92056
Gateway,Park,United States,32885
Oakridge,Drive,United States,23605
Ryan,Alley,Colombia,763518
Everett,Pass,United States,23324
Canary,Lane,Colombia,151609
Grover,Terrace,Mexico,32630
Reindahl,Junction,United States,90010
Warbler,Terrace,Mexico,93848
Burrows,Junction,Mexico,79783
Hanson,Drive,United States,37410
Arizona,Point,Colombia,473049
Cardinal,Pass,United States,77228
Del Mar,Park,United States,95194
Ridgeview,Lane,United States,98506
Hoard,Plaza,Colombia,684517
Bonner,Lane,United States,10469
Laurel,Place,Mexico,62577
Pearson,Circle,United States,21216
Clove,Pass,Mexico,54784
Delaware,Street,Spain,07121
Morningstar,Parkway,United States,10170
Brown,Center,United States,10464
Blaine,Court,Mexico,47707
Sage,Lane,Mexico,38900
Maryland,Drive,United States,19805
Maple Wood,Park,United States,66276
Dovetail,Point,United States,37205
Monica,Avenue,United States,35236
International,Pass,Colombia,478008
Karstens,Point,Spain,36156
Summer Ridge,Lane,Mexico,95193
Autumn Leaf,Drive,United States,79176
Cottonwood,Park,United States,76905
Loeprich,Park,Mexico,97714
Trailsway,Center,United States,46857
Dovetail,Circle,United States,36689
Longview,Hill,Spain,02005
Wayridge,Way,Spain,29015
Mitchell,Plaza,Mexico,94723
Commercial,Hill,Colombia,413028
Portage,Point,Mexico,55407
Twin Pines,Pass,Colombia,941047
Laurel,Lane,United States,22301
Randy,Point,United States,50369
Montana,Parkway,Colombia,682509
David,Terrace,United States,21216
Anderson,Way,Colombia,057878
Ruskin,Alley,Colombia,252837
Springs,Place,United States,37605
Johnson,Lane,United States,55458
Nancy,Plaza,United States,37605
Rieder,Avenue,Colombia,760518
Independence,Road,United States,91199
Daystar,Avenue,Spain,30394
Jackson,Parkway,United States,28263
Anderson,Street,United States,11054
Twin Pines,Circle,Mexico,75483
Melby,Drive,United States,57105
Rockefeller,Park,Colombia,253027
West,Way,United States,95973
School,Plaza,United States,66617
Homewood,Street,Colombia,051457
Evergreen,Parkway,United States,44310
Schlimgen,Parkway,Mexico,39230
Maple Wood,Court,United States,13205
Marquette,Plaza,United States,39282
Atwood,Street,United States,19151
Bartillon,Alley,Colombia,546058
Buhler,Avenue,United States,66622
Sutteridge,Trail,United States,38150
Orin,Circle,Mexico,45630
Nelson,Drive,Mexico,96710
Nobel,Alley,United States,75205
Lotheville,Alley,United States,44710
Upham,Hill,Spain,47010
Brentwood,Way,Mexico,92934
Springview,Way,United States,68144
Green,Place,Colombia,526529
Sage,Center,United States,32304
Kenwood,Place,United States,43635
Loomis,Park,Mexico,71836
Cascade,Street,Mexico,94723
Sauthoff,Point,United States,20535
Stuart,Plaza,Mexico,96880
Dapin,Place,Mexico,36408
Kings,Place,Colombia,411067
Kings,Lane,Mexico,32628
Pleasure,Park,United States,60624
Mifflin,Street,United States,85072
Sunnyside,Road,Colombia,153809
Tennessee,Lane,United States,99599
Maple Wood,Street,Colombia,664048
Heffernan,Drive,United States,55579
Jana,Lane,Colombia,205018
Beilfuss,Alley,United States,34102
Arizona,Plaza,Mexico,87090
Grim,Park,United States,62756
Maryland,Pass,Mexico,29020
Hallows,Center,Mexico,93350
Havey,Point,Spain,46015
Orin,Park,Mexico,26060
Sutherland,Hill,United States,73124
Dorton,Avenue,United States,28225
Moose,Park,United States,98115
Prairie Rose,Trail,Mexico,47253
Shasta,Hill,Mexico,88710
Hintze,Alley,United States,45254
Esch,Trail,United States,10184
Buhler,Lane,Colombia,055468
Graedel,Drive,United States,23605
Tony,Terrace,Colombia,477058
Express,Parkway,Colombia,734007
Mccormick,Pass,Spain,35213
Russell,Trail,Colombia,543058
Golden Leaf,Center,Colombia,910008
Village,Road,United States,43656
Heffernan,Place,Mexico,86350
Chive,Court,Colombia,052837
Melvin,Plaza,Colombia,477047
Commercial,Crossing,United States,52405
Burning Wood,Lane,United States,49560
Mayfield,Pass,United States,66286
Claremont,Hill,Colombia,520518
Evergreen,Place,United States,35805
Corry,Point,United States,23605
Ruskin,Point,United States,64190
Golf,Parkway,United States,20470
Morrow,Road,United States,90189
Ludington,Way,Mexico,33538
Toban,Trail,Mexico,52140
Waxwing,Drive,United States,90055
Stang,Alley,United States,77346
Eagan,Street,Colombia,131077
Badeau,Lane,Colombia,176048
Huxley,Pass,United States,06520
Carpenter,Street,Mexico,54783
Kim,Way,United States,32575
Green Ridge,Avenue,Mexico,32630
Dexter,Point,Mexico,38260
Esker,Road,Mexico,26060
Stoughton,Road,Colombia,051059
Pine View,Street,Colombia,232538
Vernon,Park,United States,44710
Sheridan,Way,United States,30323
Linden,Way,Mexico,89759
Bluestem,Avenue,Mexico,88980
Commercial,Crossing,United States,80945
Kropf,Circle,Mexico,52600
Donald,Alley,Colombia,862069
Nelson,Terrace,Colombia,251227
Porter,Road,United States,29220
Hauk,Trail,United States,94110
Victoria,Place,Mexico,65600
Blackbird,Avenue,United States,80262
Fuller,Crossing,Colombia,085068
Corben,Way,Mexico,70762
Mariners Cove,Road,Spain,39005
Buell,Terrace,Colombia,522068
Heffernan,Hill,United States,76110
Ohio,Pass,Colombia,151427
Lakewood,Point,United States,20546
Esch,Pass,United States,20709
Hintze,Terrace,United States,48232
Cordelia,Plaza,United States,64130
Goodland,Trail,Mexico,52332
Valley Edge,Drive,Mexico,96556
Carioca,Hill,United States,79171
Westerfield,Avenue,Mexico,96640
Talmadge,Point,Mexico,83344
Troy,Place,United States,30328
Armistice,Circle,Mexico,94463
Hauk,Circle,Mexico,73795
Sachs,Street,Mexico,38796
Sauthoff,Parkway,United States,77095
Thackeray,Plaza,United States,98682
Utah,Alley,Colombia,763508
Lyons,Point,United States,31119
Springview,Junction,United States,79945
Northport,Road,Colombia,111831
Mcbride,Place,Mexico,61570
2nd,Way,Colombia,707037
Boyd,Lane,United States,11480
Pleasure,Parkway,Mexico,93605
Morning,Point,United States,10184
Sachs,Alley,United States,50981
Tennessee,Center,Colombia,443049
Kropf,Junction,Colombia,682509
Hoard,Road,Spain,31010
Hayes,Crossing,Colombia,731048
Green Ridge,Way,Colombia,412008
Dahle,Point,Colombia,734048
Jackson,Street,United States,33487
Lien,Circle,Mexico,85227
Utah,Crossing,United States,80945
Beilfuss,Street,Mexico,95096
Corscot,Hill,United States,10305
Sage,Court,Mexico,61650
Florence,Way,United States,92835
Oxford,Junction,United States,77281
Transport,Center,Colombia,528539
Oriole,Avenue,United States,27409
Hovde,Drive,United States,95205
Sugar,Junction,Mexico,63174
Grim,Street,United States,11205
Moland,Park,Spain,18015
Jenifer,Park,United States,77228
2nd,Trail,Colombia,232059
Lukken,Road,United States,64190
Gina,Center,Mexico,32630
Clyde Gallagher,Pass,United States,22119
Dawn,Park,Colombia,687509
Kinsman,Point,United States,37410
Bowman,Court,Mexico,14449
Texas,Pass,Mexico,35180
Waubesa,Crossing,Colombia,181067
Randy,Place,United States,75372
Moland,Pass,United States,24048
4th,Street,Spain,28055
Twin Pines,Parkway,United States,39534
Marquette,Trail,Colombia,415047
Scott,Parkway,Colombia,763568
Lake View,Court,United States,30245
Pepper Wood,Plaza,United States,11388
Shoshone,Center,United States,48919
Mcbride,Terrace,United States,29424
Jenna,Hill,Colombia,055028
Sutteridge,Pass,United States,39534
Golf,Hill,United States,75372
Mayfield,Crossing,United States,06183
Waxwing,Alley,Mexico,78436
Kropf,Park,Colombia,732028
Trailsway,Court,United States,07112
Straubel,Trail,Colombia,130537
Crescent Oaks,Junction,Mexico,58910
Transport,Place,Colombia,252827
Old Gate,Junction,Colombia,052027
Arrowood,Plaza,Colombia,880008
Valley Edge,Hill,United States,85754
Northland,Junction,Colombia,684009
Southridge,Road,Mexico,40894
Mendota,Circle,United States,20436
Bartelt,Alley,United States,50981
Upham,Road,United States,77281
Starling,Way,United States,81505
Northwestern,Junction,Mexico,70633
Blackbird,Court,Colombia,132527
Petterle,Center,Spain,01010
Independence,Terrace,Colombia,681027
Almo,Way,United States,20470
Northport,Lane,United States,19151
Division,Trail,Colombia,055457
Birchwood,Junction,Colombia,630008
Comanche,Hill,United States,29905
Carioca,Lane,Colombia,052438
Farragut,Court,United States,19892
American Ash,Plaza,Mexico,71122
Lyons,Place,Mexico,22510
Mesta,Pass,United States,18105
Mayfield,Hill,United States,02216
Mendota,Avenue,United States,33416
Warbler,Crossing,United States,45218
Russell,Way,Colombia,522068
Forest,Point,Mexico,71836
Stone Corner,Point,Mexico,26060
Oak,Park,United States,97240
Colorado,Way,Mexico,91140
Alpine,Street,Colombia,731027
Burning Wood,Way,Colombia,735517
Service,Parkway,Colombia,056047
Village,Terrace,Colombia,153457
Gulseth,Pass,Spain,26070
Petterle,Avenue,United States,33405
Cottonwood,Center,United States,45432
Scoville,Road,United States,94250
Clemons,Drive,Colombia,195047
Bashford,Junction,Mexico,92148
Pearson,Point,Mexico,92934
Crownhardt,Avenue,United States,45440
International,Hill,United States,33805
Spenser,Lane,United States,98464
Buell,Junction,Colombia,415088
Miller,Street,United States,90040
Bartelt,Parkway,Mexico,31803
Center,Terrace,United States,02208
Sheridan,Trail,Spain,36005
